{"cameraMode":{"drawMode":0,"name":"Shaded","section":"Shading Mode"},"sceneLighting":true,"audioPlay":false,"sceneViewState":{"showFog":true,"showMaterialUpdate":false,"showSkybox":true,"showFlares":true,"showImageEffects":true,"showParticleSystems":true},"in2DMode":false,"pivot":{"x":10.814908981323243,"y":-8.180042266845704,"z":9.995762825012207},"rotation":{"x":-0.009200401604175568,"y":0.7169361710548401,"z":-0.6970140933990479,"w":-0.00946346577256918},"size":34.233402252197269,"orthographic":false}