{"cameraMode":{"drawMode":0,"name":"Shaded","section":"Shading Mode"},"sceneLighting":false,"audioPlay":false,"sceneViewState":{"showFog":true,"showMaterialUpdate":false,"showSkybox":false,"showFlares":true,"showImageEffects":true,"showParticleSystems":true},"in2DMode":false,"pivot":{"x":2.7064690589904787,"y":12.260011672973633,"z":-0.9160778522491455},"rotation":{"x":0.24371667206287385,"y":-0.02909475937485695,"z":0.00731543218716979,"w":0.9693828821182251},"size":13.700357437133789,"orthographic":false}